image_id,class_label,defect_mode,ipc_class,aoi_flag,manual_decision
board_000000,minor_defect,contamination,Class_2,1,fail
board_000001,good,none,Class_2,0,pass
board_000002,minor_defect,scratch,Class_3,1,fail
board_000003,good,none,Class_2,0,pass
board_000004,good,none,Class_2,0,pass
board_000005,major_defect,tombstone,Class_3,1,fail
board_000006,good,none,Class_2,1,pass
board_000007,good,none,Class_2,0,pass
board_000008,good,none,Class_3,0,pass
board_000009,minor_defect,contamination,Class_3,1,fail
board_000010,good,none,Class_3,0,pass
board_000011,good,none,Class_2,0,pass
board_000012,good,none,Class_2,1,pass
board_000013,good,none,Class_3,1,pass
board_000014,minor_defect,contamination,Class_2,1,fail
board_000015,good,none,Class_3,0,pass
board_000016,major_defect,tombstone,Class_2,1,fail
board_000017,good,none,Class_2,0,pass
board_000018,good,none,Class_3,0,pass
board_000019,minor_defect,cold_joint,Class_3,0,fail
board_000020,good,none,Class_2,0,pass
board_000021,good,none,Class_3,1,pass
board_000022,good,none,Class_2,0,pass
board_000023,good,none,Class_2,0,pass
board_000024,safety_critical_defect,missing_component,Class_2,1,fail
board_000025,minor_defect,scratch,Class_3,0,fail
board_000026,good,none,Class_2,0,pass
board_000027,minor_defect,contamination,Class_3,1,fail
board_000028,good,none,Class_2,0,pass
board_000029,good,none,Class_3,0,pass
board_000030,good,none,Class_2,0,pass
board_000031,minor_defect,scratch,Class_3,1,fail
board_000032,good,none,Class_3,0,pass
board_000033,good,none,Class_2,0,pass
board_000034,minor_defect,scratch,Class_3,0,fail
board_000035,good,none,Class_2,0,pass
board_000036,good,none,Class_3,0,pass
board_000037,major_defect,missing_component,Class_3,0,fail
board_000038,minor_defect,cold_joint,Class_3,1,fail
board_000039,good,none,Class_3,0,pass
board_000040,minor_defect,contamination,Class_2,1,fail
board_000041,good,none,Class_3,0,pass
board_000042,minor_defect,cold_joint,Class_3,1,fail
board_000043,good,none,Class_3,0,pass
board_000044,good,none,Class_2,0,pass
board_000045,minor_defect,scratch,Class_2,1,fail
board_000046,good,none,Class_2,0,pass
board_000047,minor_defect,scratch,Class_2,1,fail
board_000048,good,none,Class_2,0,pass
board_000049,minor_defect,contamination,Class_2,1,fail
board_000050,minor_defect,scratch,Class_3,1,fail
board_000051,minor_defect,cold_joint,Class_2,1,fail
board_000052,good,none,Class_2,0,pass
board_000053,good,none,Class_3,0,pass
board_000054,good,none,Class_3,0,pass
board_000055,minor_defect,cold_joint,Class_2,0,fail
board_000056,minor_defect,scratch,Class_3,0,fail
board_000057,good,none,Class_3,0,pass
board_000058,good,none,Class_3,0,pass
board_000059,minor_defect,contamination,Class_3,1,fail
board_000060,good,none,Class_3,1,pass
board_000061,major_defect,solder_bridge,Class_2,1,fail
board_000062,good,none,Class_2,0,pass
board_000063,good,none,Class_2,0,pass
board_000064,good,none,Class_3,0,pass
board_000065,good,none,Class_3,0,pass
board_000066,good,none,Class_3,0,pass
board_000067,minor_defect,cold_joint,Class_3,1,fail
board_000068,minor_defect,contamination,Class_2,1,fail
board_000069,safety_critical_defect,solder_bridge,Class_3,1,fail
board_000070,minor_defect,scratch,Class_3,1,fail
board_000071,good,none,Class_3,0,pass
board_000072,minor_defect,scratch,Class_3,1,fail
board_000073,good,none,Class_3,0,pass
board_000074,good,none,Class_2,0,pass
board_000075,major_defect,solder_bridge,Class_2,1,fail
board_000076,minor_defect,cold_joint,Class_2,1,fail
board_000077,minor_defect,cold_joint,Class_2,1,fail
board_000078,good,none,Class_3,0,pass
board_000079,good,none,Class_3,0,pass
board_000080,good,none,Class_2,0,pass
board_000081,minor_defect,cold_joint,Class_3,1,fail
board_000082,safety_critical_defect,tombstone,Class_2,1,fail
board_000083,good,none,Class_2,0,pass
board_000084,major_defect,tombstone,Class_3,1,fail
board_000085,good,none,Class_3,0,pass
board_000086,major_defect,solder_bridge,Class_3,0,fail
board_000087,good,none,Class_2,0,pass
board_000088,good,none,Class_3,0,pass
board_000089,good,none,Class_3,1,pass
board_000090,good,none,Class_3,0,pass
board_000091,good,none,Class_3,1,pass
board_000092,safety_critical_defect,tombstone,Class_2,1,fail
board_000093,good,none,Class_2,0,pass
board_000094,good,none,Class_3,1,pass
board_000095,good,none,Class_3,0,pass
board_000096,good,none,Class_3,0,pass
board_000097,good,none,Class_3,0,pass
board_000098,good,none,Class_3,0,pass
board_000099,minor_defect,scratch,Class_2,0,fail
board_000100,minor_defect,scratch,Class_3,1,fail
board_000101,good,none,Class_2,0,pass
board_000102,minor_defect,cold_joint,Class_3,1,fail
board_000103,good,none,Class_3,0,pass
board_000104,good,none,Class_3,0,pass
board_000105,minor_defect,scratch,Class_3,1,fail
board_000106,minor_defect,contamination,Class_3,1,fail
board_000107,major_defect,solder_bridge,Class_2,1,fail
board_000108,minor_defect,scratch,Class_3,0,fail
board_000109,safety_critical_defect,solder_bridge,Class_3,0,fail
board_000110,minor_defect,cold_joint,Class_3,1,fail
board_000111,minor_defect,scratch,Class_3,1,fail
board_000112,good,none,Class_3,0,pass
board_000113,safety_critical_defect,missing_component,Class_3,1,fail
board_000114,good,none,Class_3,0,pass
board_000115,good,none,Class_2,0,pass
board_000116,good,none,Class_3,0,pass
board_000117,good,none,Class_2,0,pass
board_000118,minor_defect,scratch,Class_3,1,fail
board_000119,good,none,Class_3,0,pass
board_000120,good,none,Class_3,0,pass
board_000121,good,none,Class_3,0,pass
board_000122,good,none,Class_3,0,pass
board_000123,minor_defect,contamination,Class_3,1,fail
board_000124,good,none,Class_3,0,pass
board_000125,good,none,Class_2,1,pass
board_000126,major_defect,solder_bridge,Class_2,1,fail
board_000127,good,none,Class_3,1,pass
board_000128,good,none,Class_2,0,pass
board_000129,good,none,Class_2,0,pass
board_000130,good,none,Class_3,0,pass
board_000131,good,none,Class_3,0,pass
board_000132,good,none,Class_2,0,pass
board_000133,major_defect,tombstone,Class_2,0,fail
board_000134,good,none,Class_3,0,pass
board_000135,good,none,Class_2,1,pass
board_000136,good,none,Class_2,0,pass
board_000137,good,none,Class_2,0,pass
board_000138,good,none,Class_3,1,pass
board_000139,good,none,Class_2,0,pass
board_000140,minor_defect,contamination,Class_3,1,fail
board_000141,major_defect,missing_component,Class_3,0,fail
board_000142,good,none,Class_3,0,pass
board_000143,good,none,Class_3,0,pass
board_000144,good,none,Class_3,0,pass
board_000145,safety_critical_defect,solder_bridge,Class_3,1,fail
board_000146,good,none,Class_3,0,pass
board_000147,safety_critical_defect,missing_component,Class_3,0,fail
board_000148,good,none,Class_3,0,pass
board_000149,good,none,Class_3,0,pass
board_000150,good,none,Class_3,0,pass
board_000151,minor_defect,scratch,Class_2,1,fail
board_000152,minor_defect,scratch,Class_3,0,fail
board_000153,good,none,Class_2,0,pass
board_000154,good,none,Class_3,0,pass
board_000155,good,none,Class_3,0,pass
board_000156,good,none,Class_3,0,pass
board_000157,good,none,Class_2,1,pass
board_000158,good,none,Class_3,0,pass
board_000159,minor_defect,scratch,Class_2,0,fail
board_000160,good,none,Class_3,0,pass
board_000161,good,none,Class_2,0,pass
board_000162,good,none,Class_3,0,pass
board_000163,major_defect,tombstone,Class_2,1,fail
board_000164,major_defect,missing_component,Class_3,1,fail
board_000165,major_defect,missing_component,Class_2,1,fail
board_000166,good,none,Class_3,0,pass
board_000167,good,none,Class_3,0,pass
board_000168,major_defect,solder_bridge,Class_2,1,fail
board_000169,minor_defect,scratch,Class_3,1,fail
board_000170,safety_critical_defect,missing_component,Class_2,0,fail
board_000171,major_defect,tombstone,Class_3,1,fail
board_000172,major_defect,missing_component,Class_2,0,fail
board_000173,minor_defect,cold_joint,Class_2,1,fail
board_000174,minor_defect,cold_joint,Class_2,1,fail
board_000175,good,none,Class_3,0,pass
board_000176,minor_defect,scratch,Class_3,1,fail
board_000177,good,none,Class_2,0,pass
board_000178,good,none,Class_2,0,pass
board_000179,minor_defect,scratch,Class_2,0,fail
board_000180,good,none,Class_3,0,pass
board_000181,good,none,Class_3,0,pass
board_000182,good,none,Class_3,0,pass
board_000183,good,none,Class_3,0,pass
board_000184,good,none,Class_2,0,pass
board_000185,minor_defect,contamination,Class_3,1,fail
board_000186,good,none,Class_2,0,pass
board_000187,good,none,Class_2,0,pass
board_000188,good,none,Class_2,0,pass
board_000189,good,none,Class_3,1,pass
board_000190,good,none,Class_2,0,pass
board_000191,major_defect,missing_component,Class_2,1,fail
board_000192,good,none,Class_3,0,pass
board_000193,good,none,Class_3,0,pass
board_000194,major_defect,solder_bridge,Class_2,1,fail
board_000195,good,none,Class_3,0,pass
board_000196,good,none,Class_3,0,pass
board_000197,good,none,Class_3,1,pass
board_000198,good,none,Class_2,0,pass
board_000199,minor_defect,cold_joint,Class_2,0,fail
board_000200,good,none,Class_3,0,pass
board_000201,good,none,Class_2,1,pass
board_000202,good,none,Class_3,1,pass
board_000203,minor_defect,contamination,Class_3,1,fail
board_000204,good,none,Class_2,0,pass
board_000205,minor_defect,scratch,Class_2,1,fail
board_000206,good,none,Class_2,0,pass
board_000207,good,none,Class_2,1,pass
board_000208,safety_critical_defect,solder_bridge,Class_2,0,fail
board_000209,minor_defect,cold_joint,Class_2,1,fail
board_000210,good,none,Class_2,0,pass
board_000211,good,none,Class_2,0,pass
board_000212,good,none,Class_3,0,pass
board_000213,good,none,Class_2,0,pass
board_000214,good,none,Class_3,1,pass
board_000215,minor_defect,scratch,Class_3,1,fail
board_000216,good,none,Class_3,0,pass
board_000217,good,none,Class_2,0,pass
board_000218,minor_defect,cold_joint,Class_3,0,fail
board_000219,minor_defect,scratch,Class_3,1,fail
board_000220,minor_defect,scratch,Class_3,1,fail
board_000221,good,none,Class_2,0,pass
board_000222,minor_defect,scratch,Class_2,1,fail
board_000223,minor_defect,contamination,Class_3,1,fail
board_000224,good,none,Class_3,0,pass
board_000225,major_defect,tombstone,Class_3,1,fail
board_000226,minor_defect,contamination,Class_3,1,fail
board_000227,minor_defect,cold_joint,Class_3,1,fail
board_000228,good,none,Class_3,0,pass
board_000229,good,none,Class_2,0,pass
board_000230,minor_defect,contamination,Class_3,1,fail
board_000231,good,none,Class_3,0,pass
board_000232,good,none,Class_3,0,pass
board_000233,major_defect,missing_component,Class_3,1,fail
board_000234,good,none,Class_3,0,pass
board_000235,minor_defect,contamination,Class_3,1,fail
board_000236,minor_defect,scratch,Class_2,0,fail
board_000237,good,none,Class_3,0,pass
board_000238,minor_defect,cold_joint,Class_3,0,fail
board_000239,minor_defect,cold_joint,Class_2,1,fail
board_000240,good,none,Class_3,0,pass
board_000241,good,none,Class_3,0,pass
board_000242,major_defect,solder_bridge,Class_3,1,fail
board_000243,good,none,Class_3,0,pass
board_000244,good,none,Class_2,1,pass
board_000245,minor_defect,cold_joint,Class_2,0,fail
board_000246,minor_defect,scratch,Class_2,1,fail
board_000247,major_defect,solder_bridge,Class_3,1,fail
board_000248,good,none,Class_2,0,pass
board_000249,good,none,Class_3,0,pass
board_000250,good,none,Class_3,0,pass
board_000251,minor_defect,scratch,Class_3,1,fail
board_000252,good,none,Class_2,0,pass
board_000253,good,none,Class_3,0,pass
board_000254,good,none,Class_3,0,pass
board_000255,minor_defect,scratch,Class_3,1,fail
board_000256,good,none,Class_2,0,pass
board_000257,good,none,Class_2,0,pass
board_000258,good,none,Class_3,0,pass
board_000259,good,none,Class_3,0,pass
board_000260,good,none,Class_3,0,pass
board_000261,minor_defect,cold_joint,Class_3,1,fail
board_000262,major_defect,tombstone,Class_3,0,fail
board_000263,good,none,Class_3,0,pass
board_000264,good,none,Class_3,0,pass
board_000265,good,none,Class_2,0,pass
board_000266,good,none,Class_3,0,pass
board_000267,good,none,Class_3,0,pass
board_000268,good,none,Class_3,0,pass
board_000269,good,none,Class_3,0,pass
board_000270,minor_defect,scratch,Class_3,1,fail
board_000271,major_defect,missing_component,Class_2,1,fail
board_000272,major_defect,tombstone,Class_2,1,fail
board_000273,minor_defect,scratch,Class_2,1,fail
board_000274,good,none,Class_2,0,pass
board_000275,good,none,Class_3,0,pass
board_000276,major_defect,missing_component,Class_3,1,fail
board_000277,minor_defect,contamination,Class_3,1,fail
board_000278,good,none,Class_3,0,pass
board_000279,good,none,Class_2,0,pass
board_000280,good,none,Class_2,0,pass
board_000281,good,none,Class_3,0,pass
board_000282,good,none,Class_3,0,pass
board_000283,minor_defect,scratch,Class_2,1,fail
board_000284,minor_defect,scratch,Class_2,1,fail
board_000285,good,none,Class_3,1,pass
board_000286,good,none,Class_3,0,pass
board_000287,minor_defect,contamination,Class_3,1,fail
board_000288,major_defect,solder_bridge,Class_3,1,fail
board_000289,good,none,Class_2,0,pass
board_000290,minor_defect,scratch,Class_2,1,fail
board_000291,good,none,Class_2,0,pass
board_000292,major_defect,solder_bridge,Class_2,1,fail
board_000293,good,none,Class_3,1,pass
board_000294,good,none,Class_2,0,pass
board_000295,safety_critical_defect,tombstone,Class_3,1,fail
board_000296,major_defect,missing_component,Class_3,1,fail
board_000297,minor_defect,cold_joint,Class_3,1,fail
board_000298,good,none,Class_3,0,pass
board_000299,minor_defect,scratch,Class_2,1,fail
board_000300,good,none,Class_3,0,pass
board_000301,good,none,Class_3,0,pass
board_000302,good,none,Class_3,0,pass
board_000303,good,none,Class_2,0,pass
board_000304,major_defect,tombstone,Class_2,1,fail
board_000305,major_defect,missing_component,Class_2,1,fail
board_000306,good,none,Class_3,0,pass
board_000307,minor_defect,scratch,Class_2,1,fail
board_000308,minor_defect,contamination,Class_3,0,fail
board_000309,minor_defect,scratch,Class_2,1,fail
board_000310,major_defect,tombstone,Class_3,0,fail
board_000311,good,none,Class_2,0,pass
board_000312,good,none,Class_3,0,pass
board_000313,good,none,Class_3,1,pass
board_000314,good,none,Class_3,0,pass
board_000315,good,none,Class_2,0,pass
board_000316,good,none,Class_2,0,pass
board_000317,good,none,Class_2,0,pass
board_000318,good,none,Class_3,0,pass
board_000319,good,none,Class_3,1,pass
board_000320,good,none,Class_3,1,pass
board_000321,minor_defect,scratch,Class_3,1,fail
board_000322,good,none,Class_2,0,pass
board_000323,minor_defect,scratch,Class_3,1,fail
board_000324,good,none,Class_3,0,pass
board_000325,minor_defect,scratch,Class_3,1,fail
board_000326,safety_critical_defect,tombstone,Class_3,0,fail
board_000327,minor_defect,cold_joint,Class_3,1,fail
board_000328,minor_defect,contamination,Class_3,0,fail
board_000329,minor_defect,scratch,Class_3,1,fail
board_000330,minor_defect,scratch,Class_3,1,fail
board_000331,good,none,Class_2,0,pass
board_000332,safety_critical_defect,tombstone,Class_2,0,fail
board_000333,good,none,Class_3,0,pass
board_000334,good,none,Class_3,0,pass
board_000335,good,none,Class_3,0,pass
board_000336,minor_defect,cold_joint,Class_3,1,fail
board_000337,good,none,Class_2,0,pass
board_000338,good,none,Class_3,1,pass
board_000339,good,none,Class_2,0,pass
board_000340,good,none,Class_2,0,pass
board_000341,minor_defect,cold_joint,Class_3,0,fail
board_000342,good,none,Class_3,0,pass
board_000343,good,none,Class_2,0,pass
board_000344,minor_defect,scratch,Class_3,0,fail
board_000345,good,none,Class_3,0,pass
board_000346,good,none,Class_2,0,pass
board_000347,good,none,Class_2,0,pass
board_000348,safety_critical_defect,solder_bridge,Class_3,1,fail
board_000349,good,none,Class_3,0,pass
board_000350,minor_defect,cold_joint,Class_2,0,fail
board_000351,good,none,Class_3,0,pass
board_000352,good,none,Class_3,0,pass
board_000353,good,none,Class_3,0,pass
board_000354,good,none,Class_3,0,pass
board_000355,good,none,Class_3,0,pass
board_000356,good,none,Class_2,0,pass
board_000357,good,none,Class_3,0,pass
board_000358,major_defect,missing_component,Class_3,1,fail
board_000359,good,none,Class_2,0,pass
board_000360,minor_defect,contamination,Class_3,1,fail
board_000361,minor_defect,cold_joint,Class_3,0,fail
board_000362,good,none,Class_2,0,pass
board_000363,minor_defect,scratch,Class_3,0,fail
board_000364,good,none,Class_3,0,pass
board_000365,good,none,Class_3,0,pass
board_000366,good,none,Class_3,0,pass
board_000367,major_defect,tombstone,Class_2,1,fail
board_000368,good,none,Class_3,0,pass
board_000369,good,none,Class_3,0,pass
board_000370,good,none,Class_3,1,pass
board_000371,good,none,Class_3,1,pass
board_000372,minor_defect,cold_joint,Class_3,1,fail
board_000373,good,none,Class_2,0,pass
board_000374,good,none,Class_2,0,pass
board_000375,minor_defect,contamination,Class_2,0,fail
board_000376,minor_defect,cold_joint,Class_3,1,fail
board_000377,minor_defect,scratch,Class_3,1,fail
board_000378,good,none,Class_2,1,pass
board_000379,good,none,Class_2,0,pass
board_000380,good,none,Class_2,0,pass
board_000381,major_defect,missing_component,Class_3,1,fail
board_000382,good,none,Class_3,1,pass
board_000383,minor_defect,scratch,Class_3,1,fail
board_000384,major_defect,solder_bridge,Class_2,0,fail
board_000385,good,none,Class_3,1,pass
board_000386,minor_defect,contamination,Class_2,1,fail
board_000387,good,none,Class_3,0,pass
board_000388,good,none,Class_3,0,pass
board_000389,good,none,Class_3,0,pass
board_000390,good,none,Class_3,0,pass
board_000391,good,none,Class_3,0,pass
board_000392,good,none,Class_3,1,pass
board_000393,good,none,Class_2,0,pass
board_000394,major_defect,solder_bridge,Class_3,1,fail
board_000395,good,none,Class_2,1,pass
board_000396,good,none,Class_2,1,pass
board_000397,good,none,Class_3,0,pass
board_000398,good,none,Class_3,1,pass
board_000399,minor_defect,scratch,Class_2,1,fail
board_000400,minor_defect,cold_joint,Class_2,1,fail
board_000401,minor_defect,scratch,Class_3,1,fail
board_000402,good,none,Class_3,1,pass
board_000403,good,none,Class_3,0,pass
board_000404,good,none,Class_3,0,pass
board_000405,good,none,Class_2,0,pass
board_000406,good,none,Class_2,0,pass
board_000407,good,none,Class_3,0,pass
board_000408,good,none,Class_3,0,pass
board_000409,good,none,Class_3,0,pass
board_000410,good,none,Class_3,0,pass
board_000411,major_defect,missing_component,Class_3,1,fail
board_000412,minor_defect,cold_joint,Class_2,0,fail
board_000413,good,none,Class_3,0,pass
board_000414,good,none,Class_3,0,pass
board_000415,good,none,Class_3,1,pass
board_000416,good,none,Class_2,0,pass
board_000417,good,none,Class_2,0,pass
board_000418,good,none,Class_3,0,pass
board_000419,good,none,Class_2,0,pass
board_000420,good,none,Class_3,0,pass
board_000421,good,none,Class_3,0,pass
board_000422,good,none,Class_3,0,pass
board_000423,good,none,Class_3,0,pass
board_000424,good,none,Class_2,0,pass
board_000425,good,none,Class_3,0,pass
board_000426,good,none,Class_3,0,pass
board_000427,good,none,Class_2,0,pass
board_000428,good,none,Class_3,0,pass
board_000429,good,none,Class_3,1,pass
board_000430,good,none,Class_3,0,pass
board_000431,good,none,Class_3,0,pass
board_000432,good,none,Class_3,0,pass
board_000433,good,none,Class_3,0,pass
board_000434,good,none,Class_3,0,pass
board_000435,good,none,Class_2,0,pass
board_000436,good,none,Class_3,0,pass
board_000437,good,none,Class_3,0,pass
board_000438,good,none,Class_2,0,pass
board_000439,good,none,Class_2,0,pass
board_000440,major_defect,solder_bridge,Class_3,1,fail
board_000441,good,none,Class_2,0,pass
board_000442,good,none,Class_2,0,pass
board_000443,good,none,Class_3,0,pass
board_000444,good,none,Class_3,0,pass
board_000445,good,none,Class_2,0,pass
board_000446,major_defect,missing_component,Class_2,1,fail
board_000447,good,none,Class_2,0,pass
board_000448,minor_defect,cold_joint,Class_3,1,fail
board_000449,minor_defect,scratch,Class_2,1,fail
board_000450,good,none,Class_2,0,pass
board_000451,good,none,Class_2,0,pass
board_000452,good,none,Class_3,0,pass
board_000453,good,none,Class_3,0,pass
board_000454,good,none,Class_3,0,pass
board_000455,major_defect,solder_bridge,Class_3,1,fail
board_000456,good,none,Class_3,0,pass
board_000457,good,none,Class_2,0,pass
board_000458,safety_critical_defect,solder_bridge,Class_2,1,fail
board_000459,good,none,Class_3,0,pass
board_000460,good,none,Class_3,0,pass
board_000461,good,none,Class_3,0,pass
board_000462,good,none,Class_2,0,pass
board_000463,good,none,Class_3,0,pass
board_000464,good,none,Class_3,0,pass
board_000465,safety_critical_defect,missing_component,Class_3,1,fail
board_000466,major_defect,solder_bridge,Class_2,0,fail
board_000467,good,none,Class_2,0,pass
board_000468,good,none,Class_2,0,pass
board_000469,minor_defect,scratch,Class_2,1,fail
board_000470,good,none,Class_2,0,pass
board_000471,minor_defect,scratch,Class_2,1,fail
board_000472,good,none,Class_3,1,pass
board_000473,minor_defect,scratch,Class_3,0,fail
board_000474,good,none,Class_2,0,pass
board_000475,major_defect,missing_component,Class_3,1,fail
board_000476,good,none,Class_3,0,pass
board_000477,good,none,Class_3,0,pass
board_000478,major_defect,missing_component,Class_3,0,fail
board_000479,major_defect,missing_component,Class_3,0,fail
board_000480,minor_defect,scratch,Class_3,1,fail
board_000481,major_defect,solder_bridge,Class_3,1,fail
board_000482,safety_critical_defect,solder_bridge,Class_2,1,fail
board_000483,good,none,Class_2,0,pass
board_000484,good,none,Class_3,0,pass
board_000485,safety_critical_defect,tombstone,Class_2,1,fail
board_000486,good,none,Class_2,0,pass
board_000487,good,none,Class_3,0,pass
board_000488,minor_defect,scratch,Class_3,1,fail
board_000489,good,none,Class_2,0,pass
board_000490,major_defect,missing_component,Class_3,0,fail
board_000491,good,none,Class_2,0,pass
board_000492,major_defect,missing_component,Class_2,1,fail
board_000493,good,none,Class_3,0,pass
board_000494,good,none,Class_3,0,pass
board_000495,good,none,Class_2,0,pass
board_000496,good,none,Class_3,0,pass
board_000497,good,none,Class_3,0,pass
board_000498,good,none,Class_2,0,pass
board_000499,good,none,Class_2,0,pass
board_000500,good,none,Class_3,0,pass
board_000501,minor_defect,scratch,Class_2,1,fail
board_000502,good,none,Class_3,0,pass
board_000503,minor_defect,cold_joint,Class_3,0,fail
board_000504,safety_critical_defect,solder_bridge,Class_3,0,fail
board_000505,good,none,Class_3,0,pass
board_000506,good,none,Class_3,0,pass
board_000507,good,none,Class_3,0,pass
board_000508,good,none,Class_2,0,pass
board_000509,good,none,Class_3,0,pass
board_000510,good,none,Class_3,0,pass
board_000511,minor_defect,scratch,Class_3,1,fail
board_000512,good,none,Class_2,0,pass
board_000513,good,none,Class_2,0,pass
board_000514,good,none,Class_2,0,pass
board_000515,good,none,Class_3,0,pass
board_000516,good,none,Class_3,0,pass
board_000517,good,none,Class_3,0,pass
board_000518,good,none,Class_2,0,pass
board_000519,good,none,Class_2,1,pass
board_000520,good,none,Class_2,0,pass
board_000521,good,none,Class_3,0,pass
board_000522,good,none,Class_3,0,pass
board_000523,good,none,Class_2,1,pass
board_000524,minor_defect,contamination,Class_2,0,fail
board_000525,good,none,Class_3,0,pass
board_000526,good,none,Class_3,0,pass
board_000527,good,none,Class_3,0,pass
board_000528,good,none,Class_3,0,pass
board_000529,good,none,Class_3,0,pass
board_000530,minor_defect,contamination,Class_2,1,fail
board_000531,good,none,Class_2,0,pass
board_000532,major_defect,solder_bridge,Class_2,1,fail
board_000533,good,none,Class_3,0,pass
board_000534,minor_defect,scratch,Class_3,1,fail
board_000535,safety_critical_defect,missing_component,Class_3,1,fail
board_000536,minor_defect,scratch,Class_3,0,fail
board_000537,major_defect,missing_component,Class_2,1,fail
board_000538,good,none,Class_2,1,pass
board_000539,good,none,Class_3,0,pass
board_000540,minor_defect,cold_joint,Class_3,1,fail
board_000541,minor_defect,scratch,Class_3,1,fail
board_000542,minor_defect,scratch,Class_3,1,fail
board_000543,good,none,Class_2,0,pass
board_000544,major_defect,tombstone,Class_3,0,fail
board_000545,good,none,Class_3,0,pass
board_000546,minor_defect,scratch,Class_2,1,fail
board_000547,major_defect,solder_bridge,Class_2,1,fail
board_000548,major_defect,solder_bridge,Class_3,1,fail
board_000549,good,none,Class_2,0,pass
board_000550,good,none,Class_3,0,pass
board_000551,minor_defect,cold_joint,Class_3,1,fail
board_000552,good,none,Class_2,0,pass
board_000553,good,none,Class_3,0,pass
board_000554,good,none,Class_3,0,pass
board_000555,good,none,Class_2,0,pass
board_000556,minor_defect,contamination,Class_2,1,fail
board_000557,good,none,Class_2,0,pass
board_000558,good,none,Class_2,0,pass
board_000559,minor_defect,scratch,Class_3,1,fail
board_000560,good,none,Class_3,0,pass
board_000561,good,none,Class_2,0,pass
board_000562,good,none,Class_3,0,pass
board_000563,good,none,Class_3,0,pass
board_000564,minor_defect,contamination,Class_3,1,fail
board_000565,minor_defect,cold_joint,Class_3,1,fail
board_000566,good,none,Class_2,0,pass
board_000567,good,none,Class_3,0,pass
board_000568,good,none,Class_3,0,pass
board_000569,good,none,Class_3,0,pass
board_000570,minor_defect,cold_joint,Class_3,1,fail
board_000571,good,none,Class_2,0,pass
board_000572,minor_defect,scratch,Class_3,1,fail
board_000573,good,none,Class_2,0,pass
board_000574,major_defect,solder_bridge,Class_3,0,fail
board_000575,good,none,Class_3,0,pass
board_000576,good,none,Class_3,0,pass
board_000577,good,none,Class_3,0,pass
board_000578,good,none,Class_3,0,pass
board_000579,good,none,Class_2,0,pass
board_000580,good,none,Class_3,0,pass
board_000581,major_defect,solder_bridge,Class_3,1,fail
board_000582,minor_defect,scratch,Class_2,1,fail
board_000583,minor_defect,scratch,Class_3,0,fail
board_000584,safety_critical_defect,solder_bridge,Class_2,0,fail
board_000585,good,none,Class_3,0,pass
board_000586,good,none,Class_3,0,pass
board_000587,major_defect,missing_component,Class_3,1,fail
board_000588,minor_defect,scratch,Class_3,1,fail
board_000589,safety_critical_defect,missing_component,Class_3,1,fail
board_000590,good,none,Class_3,0,pass
board_000591,good,none,Class_3,0,pass
board_000592,good,none,Class_2,1,pass
board_000593,minor_defect,cold_joint,Class_2,1,fail
board_000594,good,none,Class_3,1,pass
board_000595,good,none,Class_3,0,pass
board_000596,major_defect,solder_bridge,Class_3,1,fail
board_000597,minor_defect,scratch,Class_2,1,fail
board_000598,good,none,Class_2,0,pass
board_000599,good,none,Class_2,0,pass
board_000600,good,none,Class_2,0,pass
board_000601,good,none,Class_3,0,pass
board_000602,good,none,Class_2,0,pass
board_000603,good,none,Class_3,0,pass
board_000604,good,none,Class_2,0,pass
board_000605,good,none,Class_2,1,pass
board_000606,good,none,Class_3,0,pass
board_000607,safety_critical_defect,missing_component,Class_2,1,fail
board_000608,good,none,Class_3,0,pass
board_000609,major_defect,tombstone,Class_3,1,fail
board_000610,good,none,Class_3,0,pass
board_000611,major_defect,missing_component,Class_3,1,fail
board_000612,major_defect,missing_component,Class_3,0,fail
board_000613,minor_defect,scratch,Class_3,1,fail
board_000614,minor_defect,scratch,Class_3,1,fail
board_000615,good,none,Class_2,0,pass
board_000616,good,none,Class_3,0,pass
board_000617,minor_defect,cold_joint,Class_2,1,fail
board_000618,minor_defect,scratch,Class_3,1,fail
board_000619,major_defect,solder_bridge,Class_3,1,fail
board_000620,good,none,Class_3,0,pass
board_000621,minor_defect,scratch,Class_3,1,fail
board_000622,good,none,Class_2,0,pass
board_000623,good,none,Class_3,0,pass
board_000624,minor_defect,scratch,Class_3,1,fail
board_000625,minor_defect,scratch,Class_3,0,fail
board_000626,good,none,Class_3,0,pass
board_000627,good,none,Class_2,1,pass
board_000628,major_defect,solder_bridge,Class_3,0,fail
board_000629,good,none,Class_2,0,pass
board_000630,good,none,Class_2,1,pass
board_000631,minor_defect,scratch,Class_3,0,fail
board_000632,minor_defect,scratch,Class_2,1,fail
board_000633,good,none,Class_3,0,pass
board_000634,minor_defect,scratch,Class_2,1,fail
board_000635,good,none,Class_2,0,pass
board_000636,minor_defect,contamination,Class_3,1,fail
board_000637,good,none,Class_3,0,pass
board_000638,good,none,Class_2,0,pass
board_000639,good,none,Class_3,1,pass
board_000640,good,none,Class_2,0,pass
board_000641,good,none,Class_2,0,pass
board_000642,good,none,Class_2,0,pass
board_000643,good,none,Class_2,1,pass
board_000644,good,none,Class_3,0,pass
board_000645,good,none,Class_3,0,pass
board_000646,good,none,Class_2,0,pass
board_000647,safety_critical_defect,missing_component,Class_3,1,fail
board_000648,good,none,Class_3,1,pass
board_000649,minor_defect,cold_joint,Class_3,1,fail
board_000650,minor_defect,contamination,Class_3,1,fail
board_000651,good,none,Class_3,0,pass
board_000652,minor_defect,scratch,Class_3,1,fail
board_000653,minor_defect,cold_joint,Class_3,1,fail
board_000654,minor_defect,contamination,Class_2,1,fail
board_000655,good,none,Class_3,0,pass
board_000656,good,none,Class_3,0,pass
board_000657,minor_defect,scratch,Class_2,1,fail
board_000658,minor_defect,contamination,Class_3,1,fail
board_000659,good,none,Class_3,0,pass
board_000660,good,none,Class_3,0,pass
board_000661,major_defect,missing_component,Class_3,1,fail
board_000662,major_defect,solder_bridge,Class_2,0,fail
board_000663,good,none,Class_3,0,pass
board_000664,minor_defect,contamination,Class_2,1,fail
board_000665,major_defect,missing_component,Class_3,1,fail
board_000666,good,none,Class_3,0,pass
board_000667,good,none,Class_3,0,pass
board_000668,major_defect,missing_component,Class_2,1,fail
board_000669,minor_defect,cold_joint,Class_2,1,fail
board_000670,good,none,Class_3,0,pass
board_000671,minor_defect,scratch,Class_3,1,fail
board_000672,major_defect,missing_component,Class_3,1,fail
board_000673,good,none,Class_3,0,pass
board_000674,good,none,Class_3,0,pass
board_000675,good,none,Class_3,0,pass
board_000676,good,none,Class_3,0,pass
board_000677,good,none,Class_3,1,pass
board_000678,good,none,Class_3,1,pass
board_000679,safety_critical_defect,tombstone,Class_3,1,fail
board_000680,good,none,Class_2,1,pass
board_000681,good,none,Class_3,0,pass
board_000682,good,none,Class_3,0,pass
board_000683,good,none,Class_3,0,pass
board_000684,good,none,Class_3,0,pass
board_000685,major_defect,solder_bridge,Class_2,1,fail
board_000686,good,none,Class_3,1,pass
board_000687,major_defect,solder_bridge,Class_3,1,fail
board_000688,good,none,Class_3,1,pass
board_000689,good,none,Class_3,0,pass
board_000690,good,none,Class_2,1,pass
board_000691,good,none,Class_3,0,pass
board_000692,safety_critical_defect,missing_component,Class_3,0,fail
board_000693,good,none,Class_2,0,pass
board_000694,good,none,Class_2,0,pass
board_000695,good,none,Class_2,0,pass
board_000696,good,none,Class_3,0,pass
board_000697,minor_defect,scratch,Class_3,0,fail
board_000698,good,none,Class_2,1,pass
board_000699,major_defect,missing_component,Class_3,1,fail
board_000700,minor_defect,scratch,Class_3,1,fail
board_000701,minor_defect,contamination,Class_3,1,fail
board_000702,minor_defect,contamination,Class_2,0,fail
board_000703,minor_defect,scratch,Class_3,1,fail
board_000704,major_defect,missing_component,Class_3,1,fail
board_000705,minor_defect,scratch,Class_3,0,fail
board_000706,good,none,Class_2,0,pass
board_000707,good,none,Class_2,0,pass
board_000708,minor_defect,scratch,Class_2,0,fail
board_000709,good,none,Class_3,0,pass
board_000710,good,none,Class_3,0,pass
board_000711,minor_defect,cold_joint,Class_3,1,fail
board_000712,good,none,Class_3,0,pass
board_000713,good,none,Class_3,0,pass
board_000714,good,none,Class_3,0,pass
board_000715,good,none,Class_2,1,pass
board_000716,good,none,Class_2,1,pass
board_000717,minor_defect,scratch,Class_2,1,fail
board_000718,good,none,Class_3,0,pass
board_000719,good,none,Class_3,0,pass
board_000720,minor_defect,contamination,Class_3,1,fail
board_000721,good,none,Class_3,0,pass
board_000722,good,none,Class_2,0,pass
board_000723,good,none,Class_2,0,pass
board_000724,good,none,Class_3,0,pass
board_000725,minor_defect,scratch,Class_3,1,fail
board_000726,minor_defect,contamination,Class_2,1,fail
board_000727,minor_defect,contamination,Class_3,0,fail
board_000728,safety_critical_defect,solder_bridge,Class_2,1,fail
board_000729,good,none,Class_3,0,pass
board_000730,good,none,Class_3,0,pass
board_000731,good,none,Class_2,0,pass
board_000732,good,none,Class_3,0,pass
board_000733,good,none,Class_2,0,pass
board_000734,major_defect,solder_bridge,Class_3,1,fail
board_000735,minor_defect,contamination,Class_3,1,fail
board_000736,good,none,Class_3,0,pass
board_000737,minor_defect,scratch,Class_2,1,fail
board_000738,major_defect,missing_component,Class_3,1,fail
board_000739,major_defect,tombstone,Class_3,1,fail
board_000740,minor_defect,scratch,Class_3,1,fail
board_000741,good,none,Class_3,0,pass
board_000742,good,none,Class_3,0,pass
board_000743,good,none,Class_3,0,pass
board_000744,good,none,Class_2,0,pass
board_000745,good,none,Class_3,0,pass
board_000746,good,none,Class_2,0,pass
board_000747,good,none,Class_3,0,pass
board_000748,good,none,Class_3,0,pass
board_000749,minor_defect,cold_joint,Class_3,0,fail
board_000750,safety_critical_defect,solder_bridge,Class_3,1,fail
board_000751,minor_defect,scratch,Class_3,1,fail
board_000752,safety_critical_defect,solder_bridge,Class_3,0,fail
board_000753,minor_defect,contamination,Class_3,1,fail
board_000754,good,none,Class_2,0,pass
board_000755,good,none,Class_3,0,pass
board_000756,good,none,Class_2,1,pass
board_000757,good,none,Class_3,1,pass
board_000758,good,none,Class_2,0,pass
board_000759,good,none,Class_3,0,pass
board_000760,good,none,Class_3,0,pass
board_000761,good,none,Class_2,0,pass
board_000762,minor_defect,cold_joint,Class_3,0,fail
board_000763,good,none,Class_2,0,pass
board_000764,safety_critical_defect,solder_bridge,Class_3,1,fail
board_000765,minor_defect,scratch,Class_3,1,fail
board_000766,good,none,Class_2,0,pass
board_000767,minor_defect,scratch,Class_3,1,fail
board_000768,good,none,Class_3,0,pass
board_000769,minor_defect,scratch,Class_2,0,fail
board_000770,good,none,Class_2,0,pass
board_000771,good,none,Class_3,0,pass
board_000772,minor_defect,contamination,Class_3,1,fail
board_000773,good,none,Class_3,0,pass
board_000774,good,none,Class_3,0,pass
board_000775,good,none,Class_3,0,pass
board_000776,good,none,Class_3,0,pass
board_000777,good,none,Class_2,0,pass
board_000778,good,none,Class_3,0,pass
board_000779,good,none,Class_2,0,pass
board_000780,good,none,Class_2,1,pass
board_000781,minor_defect,scratch,Class_2,1,fail
board_000782,minor_defect,scratch,Class_2,0,fail
board_000783,major_defect,missing_component,Class_3,1,fail
board_000784,minor_defect,contamination,Class_3,1,fail
board_000785,good,none,Class_3,0,pass
board_000786,minor_defect,scratch,Class_3,0,fail
board_000787,major_defect,missing_component,Class_2,1,fail
board_000788,good,none,Class_3,0,pass
board_000789,good,none,Class_3,0,pass
board_000790,minor_defect,contamination,Class_3,1,fail
board_000791,good,none,Class_3,1,pass
board_000792,good,none,Class_3,0,pass
board_000793,good,none,Class_3,0,pass
board_000794,good,none,Class_2,0,pass
board_000795,good,none,Class_3,0,pass
board_000796,good,none,Class_3,0,pass
board_000797,good,none,Class_3,0,pass
board_000798,major_defect,solder_bridge,Class_3,0,fail
board_000799,good,none,Class_2,0,pass
